kotlin	1629
kotlin.annotation	6
kotlin.collections	6327
kotlin.collections.builders	241
kotlin.comparisons	178
kotlin.concurrent	34
kotlin.concurrent.atomics	144
kotlin.concurrent.internal	14
kotlin.contracts	15
kotlin.coroutines	66
kotlin.coroutines.cancellation	6
kotlin.coroutines.intrinsics	16
kotlin.coroutines.jvm.internal	85
kotlin.enums	17
kotlin.experimental	13
kotlin.internal	58
kotlin.internal.jdk7	4
kotlin.internal.jdk8	6
kotlin.io	244
kotlin.io.encoding	158
kotlin.io.path	203
kotlin.js	10
kotlin.jvm	52
kotlin.jvm.functions	48
kotlin.jvm.internal	188
kotlin.jvm.internal.markers	9
kotlin.jvm.internal.unsafe	2
kotlin.jvm.optionals	7
kotlin.math	207
kotlin.native	7
kotlin.native.concurrent	2
kotlin.properties	17
kotlin.random	100
kotlin.random.jdk8	1
kotlin.ranges	309
kotlin.reflect	152
kotlin.sequences	573
kotlin.streams	9
kotlin.system	5
kotlin.text	1382
kotlin.time	417
kotlin.uuid	84