kotlin.annotation@undated	6
kotlin.collections.builders@undated	241
kotlin.collections@1.1	69
kotlin.collections@1.2	16
kotlin.collections@1.3	580
kotlin.collections@1.4	792
kotlin.collections@1.5	38
kotlin.collections@1.6	6
kotlin.collections@1.7	94
kotlin.collections@1.9	3
kotlin.collections@2.0	2
kotlin.collections@undated	4727
kotlin.comparisons@1.1	60
kotlin.comparisons@1.4	38
kotlin.comparisons@1.5	16
kotlin.comparisons@undated	64
kotlin.concurrent.atomics@2.1	52
kotlin.concurrent.atomics@undated	92
kotlin.concurrent.internal@2.1	7
kotlin.concurrent.internal@undated	7
kotlin.concurrent@1.9	2
kotlin.concurrent@undated	32
kotlin.contracts@1.3	10
kotlin.contracts@undated	5
kotlin.coroutines.cancellation@1.4	6
kotlin.coroutines.intrinsics@1.3	6
kotlin.coroutines.intrinsics@undated	10
kotlin.coroutines.jvm.internal@1.3	22
kotlin.coroutines.jvm.internal@undated	63
kotlin.coroutines@1.3	17
kotlin.coroutines@undated	49
kotlin.enums@1.8	3
kotlin.enums@1.9	3
kotlin.enums@2.0	1
kotlin.enums@undated	10
kotlin.experimental@1.1	8
kotlin.experimental@1.3	1
kotlin.experimental@1.8	2
kotlin.experimental@1.9	1
kotlin.experimental@2.2	1
kotlin.internal.jdk7@undated	4
kotlin.internal.jdk8@undated	6
kotlin.internal@1.2	5
kotlin.internal@1.3	2
kotlin.internal@1.7	1
kotlin.internal@undated	50
kotlin.io.encoding@1.8	12
kotlin.io.encoding@2.0	2
kotlin.io.encoding@2.2	1
kotlin.io.encoding@undated	143
kotlin.io.path@1.4	2
kotlin.io.path@1.5	77
kotlin.io.path@1.8	6
kotlin.io.path@1.9	1
kotlin.io.path@2.1	6
kotlin.io.path@undated	111
kotlin.io@1.1	1
kotlin.io@1.3	1
kotlin.io@1.6	4
kotlin.io@undated	238
kotlin.js@1.4	2
kotlin.js@1.8	1
kotlin.js@1.9	3
kotlin.js@2.0	3
kotlin.js@undated	1
kotlin.jvm.functions@1.3	1
kotlin.jvm.functions@undated	47
kotlin.jvm.internal.markers@undated	9
kotlin.jvm.internal.unsafe@undated	2
kotlin.jvm.internal@1.1	3
kotlin.jvm.internal@1.3	13
kotlin.jvm.internal@1.4	16
kotlin.jvm.internal@1.5	1
kotlin.jvm.internal@1.6	4
kotlin.jvm.internal@1.8	1
kotlin.jvm.internal@undated	150
kotlin.jvm.optionals@1.8	7
kotlin.jvm@1.2	3
kotlin.jvm@1.4	1
kotlin.jvm@1.5	4
kotlin.jvm@1.6	2
kotlin.jvm@1.7	1
kotlin.jvm@1.8	2
kotlin.jvm@1.9	1
kotlin.jvm@undated	38
kotlin.math@1.2	188
kotlin.math@1.5	4
kotlin.math@1.8	4
kotlin.math@undated	11
kotlin.native.concurrent@undated	2
kotlin.native@1.5	1
kotlin.native@1.8	5
kotlin.native@undated	1
kotlin.properties@1.4	1
kotlin.properties@undated	16
kotlin.random.jdk8@undated	1
kotlin.random@1.3	10
kotlin.random@1.5	8
kotlin.random@undated	82
kotlin.ranges@1.1	4
kotlin.ranges@1.3	12
kotlin.ranges@1.4	6
kotlin.ranges@1.5	46
kotlin.ranges@1.7	20
kotlin.ranges@1.9	18
kotlin.ranges@undated	203
kotlin.reflect@1.1	36
kotlin.reflect@1.3	1
kotlin.reflect@1.4	4
kotlin.reflect@1.5	1
kotlin.reflect@1.6	1
kotlin.reflect@undated	109
kotlin.sequences@1.1	6
kotlin.sequences@1.2	6
kotlin.sequences@1.3	7
kotlin.sequences@1.4	48
kotlin.sequences@1.5	8
kotlin.sequences@1.7	10
kotlin.sequences@2.2	2
kotlin.sequences@undated	486
kotlin.streams@1.2	9
kotlin.system@undated	5
kotlin.text@1.1	24
kotlin.text@1.2	27
kotlin.text@1.3	11
kotlin.text@1.4	117
kotlin.text@1.5	65
kotlin.text@1.6	5
kotlin.text@1.7	10
kotlin.text@1.9	24
kotlin.text@2.0	3
kotlin.text@2.2	24
kotlin.text@undated	1072
kotlin.time@1.3	7
kotlin.time@1.5	6
kotlin.time@1.6	9
kotlin.time@1.8	2
kotlin.time@1.9	14
kotlin.time@2.1	6
kotlin.time@2.2	2
kotlin.time@undated	371
kotlin.uuid@2.0	8
kotlin.uuid@2.1	4
kotlin.uuid@undated	72
kotlin@1.1	99
kotlin@1.2	39
kotlin@1.3	60
kotlin@1.4	53
kotlin@1.5	84
kotlin@1.6	21
kotlin@1.7	4
kotlin@1.8	1
kotlin@1.9	39
kotlin@2.0	7
kotlin@2.1	1
kotlin@2.2	25
kotlin@undated	1196